{"stats":{"minecraft:killed":{"lycanitesmobs:roc":1},"minecraft:custom":{"minecraft:time_since_rest":1213,"minecraft:play_one_minute":16183,"minecraft:crouch_one_cm":16,"minecraft:sprint_one_cm":3677,"minecraft:walk_one_cm":30848,"minecraft:damage_taken":861,"minecraft:deaths":1,"minecraft:sneak_time":297,"tombstone:sneak_grave":6,"minecraft:walk_under_water_one_cm":637,"minecraft:mob_kills":1,"minecraft:jump":110,"minecraft:damage_dealt":401,"minecraft:time_since_death":3612,"minecraft:walk_on_water_one_cm":1314,"minecraft:fall_one_cm":2399,"minecraft:fly_one_cm":25199},"minecraft:killed_by":{"lycanitesmobs:grue":1},"minecraft:mined":{"minecraft:grass_block":1},"minecraft:used":{"minecraft:dirt":3},"minecraft:picked_up":{"bloodandmadness:coldblood_dew":2,"minecraft:bone":2,"experimental_m:madgrass":1,"minecraft:oak_log":8,"dynamictrees:oak_seed":1,"minecraft:dirt":5}},"DataVersion":2586}