{"stats":{"minecraft:dropped":{"dynamictrees:oak_seed":3,"tombstone:grave_key":3,"lycanitesmobs:quillcharge":4,"tombstone:grave_dust":1},"minecraft:killed":{"lycanitesmobs:roc":1},"minecraft:custom":{"minecraft:time_since_rest":17255,"minecraft:interact_with_furnace":5,"minecraft:sprint_one_cm":20974,"minecraft:damage_taken":1483,"minecraft:walk_one_cm":79077,"tombstone:sneak_grave":6,"minecraft:mob_kills":2,"minecraft:drop":11,"minecraft:damage_dealt":664,"minecraft:interact_with_crafting_table":9,"minecraft:fly_one_cm":58725,"minecraft:crouch_one_cm":20,"minecraft:play_one_minute":40183,"minecraft:deaths":3,"minecraft:sneak_time":383,"minecraft:walk_under_water_one_cm":637,"minecraft:jump":290,"minecraft:walk_on_water_one_cm":1718,"minecraft:time_since_death":17720,"minecraft:fall_one_cm":4942},"minecraft:killed_by":{"lycanitesmobs:grue":1,"lycanitesmobs:jengu":1},"minecraft:mined":{"pamhc2crops:windygarden":1,"minecraft:crafting_table":1,"minecraft:grass":7,"minecraft:grass_block":2,"minecraft:tall_grass":5,"minecraft:stone":47,"minecraft:diorite":1},"minecraft:crafted":{"lycanitesmobs:cooked_maka_meat":2,"minecraft:oak_planks":20,"minecraft:crafting_table":1,"minecraft:stick":8,"minecraft:wooden_pickaxe":1,"minecraft:stone_pickaxe":1,"minecraft:stone_axe":1,"minecraft:air":0},"minecraft:used":{"lycanitesmobs:cooked_maka_meat":2,"minecraft:stone_pickaxe":8,"minecraft:oak_planks":13,"minecraft:wooden_pickaxe":40,"minecraft:stone_axe":2,"minecraft:dirt":4,"minecraft:crafting_table":1,"tombstone:gift":1},"minecraft:picked_up":{"minecraft:crafting_table":1,"minecraft:stick":4,"lycanitesmobs:quillcharge":8,"minecraft:feather":3,"minecraft:leather":4,"minecraft:oak_log":13,"minecraft:dirt":6,"bloodandmadness:coldblood_dew":5,"minecraft:bone":2,"experimental_m:madgrass":1,"minecraft:wheat_seeds":5,"dynamictrees:oak_seed":4,"minecraft:oak_planks":21,"minecraft:cobblestone":48}},"DataVersion":2586}