{"stats":{"minecraft:dropped":{"dynamictrees:oak_seed":3,"tombstone:grave_key":3,"bloodandmadness:coldblood_dew":3,"lycanitesmobs:quillcharge":4,"tombstone:grave_dust":1},"minecraft:killed":{"lycanitesmobs:roc":1},"minecraft:custom":{"minecraft:time_since_rest":7283,"minecraft:interact_with_furnace":7,"minecraft:sprint_one_cm":24196,"minecraft:damage_taken":1670,"minecraft:walk_one_cm":106975,"tombstone:sneak_grave":6,"minecraft:mob_kills":2,"minecraft:drop":14,"minecraft:damage_dealt":664,"minecraft:interact_with_crafting_table":12,"minecraft:fly_one_cm":67039,"minecraft:crouch_one_cm":89,"minecraft:play_one_minute":64183,"minecraft:deaths":4,"minecraft:sneak_time":457,"minecraft:walk_under_water_one_cm":637,"minecraft:jump":332,"minecraft:walk_on_water_one_cm":1718,"minecraft:time_since_death":9682,"minecraft:fall_one_cm":4942},"minecraft:killed_by":{"lycanitesmobs:grue":1,"lycanitesmobs:geonach":1,"lycanitesmobs:jengu":1},"minecraft:mined":{"pamhc2crops:windygarden":1,"minecraft:crafting_table":1,"minecraft:grass":7,"minecraft:grass_block":2,"minecraft:coal_ore":8,"minecraft:tall_grass":5,"minecraft:stone":90,"minecraft:diorite":2,"minecraft:wall_torch":1},"minecraft:crafted":{"lycanitesmobs:cooked_maka_meat":2,"minecraft:oak_planks":20,"minecraft:crafting_table":1,"minecraft:stick":8,"bloodandmadness:thick_coldblood":1,"minecraft:wooden_pickaxe":1,"minecraft:stone_pickaxe":1,"minecraft:stone_axe":1,"minecraft:air":0},"minecraft:used":{"lycanitesmobs:cooked_maka_meat":2,"minecraft:stone_pickaxe":62,"minecraft:oak_planks":13,"minecraft:wooden_pickaxe":40,"minecraft:stone_axe":2,"minecraft:dirt":4,"minecraft:crafting_table":2,"tombstone:gift":1},"minecraft:picked_up":{"minecraft:crafting_table":1,"minecraft:stick":4,"lycanitesmobs:quillcharge":8,"minecraft:feather":3,"minecraft:leather":4,"minecraft:torch":1,"minecraft:oak_log":13,"minecraft:diorite":5,"minecraft:dirt":6,"tombstone:gift":1,"bloodandmadness:coldblood_dew":9,"minecraft:bone":2,"experimental_m:madgrass":1,"minecraft:wheat_seeds":5,"dynamictrees:oak_seed":4,"minecraft:coal":17,"minecraft:oak_planks":21,"minecraft:cobblestone":98}},"DataVersion":2586}