{"stats":{"minecraft:dropped":{"dynamictrees:oak_seed":3,"tombstone:grave_key":3,"lycanitesmobs:quillcharge":4,"tombstone:grave_dust":1},"minecraft:killed":{"lycanitesmobs:roc":1},"minecraft:custom":{"minecraft:time_since_rest":5255,"minecraft:sprint_one_cm":17904,"minecraft:damage_taken":1215,"minecraft:walk_one_cm":65190,"tombstone:sneak_grave":6,"minecraft:mob_kills":1,"minecraft:drop":11,"minecraft:damage_dealt":529,"minecraft:interact_with_crafting_table":5,"minecraft:fly_one_cm":49800,"minecraft:crouch_one_cm":20,"minecraft:play_one_minute":28183,"minecraft:deaths":3,"minecraft:sneak_time":374,"minecraft:walk_under_water_one_cm":637,"minecraft:jump":243,"minecraft:walk_on_water_one_cm":1718,"minecraft:time_since_death":5720,"minecraft:fall_one_cm":4106},"minecraft:killed_by":{"lycanitesmobs:grue":1,"lycanitesmobs:jengu":1},"minecraft:mined":{"pamhc2crops:windygarden":1,"minecraft:grass":7,"minecraft:grass_block":2,"minecraft:tall_grass":5},"minecraft:crafted":{"minecraft:oak_planks":20,"minecraft:crafting_table":1,"minecraft:stone_axe":1},"minecraft:used":{"minecraft:dirt":3,"minecraft:crafting_table":1,"tombstone:gift":1},"minecraft:picked_up":{"minecraft:stick":4,"lycanitesmobs:quillcharge":8,"minecraft:feather":3,"minecraft:leather":4,"minecraft:oak_log":13,"minecraft:dirt":6,"bloodandmadness:coldblood_dew":5,"minecraft:bone":2,"experimental_m:madgrass":1,"minecraft:wheat_seeds":5,"dynamictrees:oak_seed":4,"minecraft:oak_planks":16,"minecraft:cobblestone":3}},"DataVersion":2586}