{"stats":{"minecraft:killed":{"minecraft:pillager":1},"minecraft:custom":{"minecraft:time_since_rest":1252,"minecraft:play_one_minute":17412,"minecraft:crouch_one_cm":633,"minecraft:sprint_one_cm":17574,"minecraft:walk_one_cm":44628,"minecraft:damage_taken":817,"minecraft:deaths":2,"minecraft:sneak_time":115,"minecraft:walk_under_water_one_cm":927,"minecraft:mob_kills":1,"minecraft:jump":142,"tombstone:raider_killed":1,"minecraft:damage_dealt":455,"minecraft:time_since_death":3651,"minecraft:walk_on_water_one_cm":1260,"minecraft:swim_one_cm":276,"minecraft:fall_one_cm":627,"minecraft:fly_one_cm":19421},"minecraft:killed_by":{"lycanitesmobs:shade":1},"minecraft:mined":{"minecraft:grass":4,"minecraft:grass_block":4,"minecraft:dirt":14,"minecraft:tall_grass":7,"experimental_m:maddagrass":1},"minecraft:used":{"minecraft:dirt":1,"tombstone:gift":2,"alexsmobs:animal_dictionary":1},"minecraft:picked_up":{"minecraft:stick":3,"experimental_m:madgrass":14,"minecraft:wheat_seeds":1,"dynamictrees:oak_seed":3,"minecraft:dirt":14}},"DataVersion":2586}