{"stats":{"minecraft:dropped":{"minecraft:oak_log":5,"minecraft:cobblestone":3,"minecraft:oak_planks":5},"minecraft:killed":{"lycanitesmobs:makaalpha":1,"minecraft:pillager":1,"animals:mosquito":1},"minecraft:custom":{"minecraft:time_since_rest":8425,"minecraft:interact_with_furnace":4,"minecraft:sprint_one_cm":65182,"minecraft:damage_taken":1473,"minecraft:walk_one_cm":133550,"minecraft:mob_kills":2,"minecraft:drop":5,"tombstone:raider_killed":1,"minecraft:damage_dealt":1033,"minecraft:interact_with_crafting_table":8,"minecraft:swim_one_cm":276,"minecraft:fly_one_cm":67887,"minecraft:crouch_one_cm":2359,"minecraft:play_one_minute":65412,"minecraft:deaths":5,"minecraft:sneak_time":892,"minecraft:walk_under_water_one_cm":927,"minecraft:jump":397,"minecraft:walk_on_water_one_cm":1260,"minecraft:time_since_death":9703,"minecraft:fall_one_cm":3224},"minecraft:killed_by":{"lycanitesmobs:geonach":1,"lycanitesmobs:afrit":1,"lycanitesmobs:shade":1},"minecraft:mined":{"byg:scoria_stone":2,"minecraft:andesite":1,"minecraft:crafting_table":1,"minecraft:granite":9,"minecraft:grass":10,"minecraft:grass_block":4,"minecraft:coal_ore":7,"minecraft:gravel":2,"minecraft:dirt":15,"byg:rocky_stone":1,"minecraft:cobblestone":2,"minecraft:tall_grass":8,"experimental_m:maddagrass":1,"minecraft:stone":197,"forestcraft:dandelion_grown":1,"duneons:stoneworld":5,"minecraft:wall_torch":1,"minecraft:diorite":21},"minecraft:crafted":{"lycanitesmobs:cooked_maka_meat":2,"minecraft:oak_planks":16,"minecraft:crafting_table":1,"minecraft:stick":4,"minecraft:wooden_pickaxe":1,"minecraft:stone_pickaxe":3,"minecraft:furnace":1,"minecraft:torch":24,"minecraft:stone_axe":1,"minecraft:air":0},"minecraft:used":{"lycanitesmobs:cooked_maka_meat":2,"minecraft:stone_pickaxe":254,"minecraft:wooden_pickaxe":5,"pamhc2crops:peanutitem":2,"minecraft:stone_axe":1,"minecraft:torch":19,"minecraft:dirt":1,"minecraft:cobblestone":2,"minecraft:crafting_table":2,"minecraft:furnace":1,"tombstone:gift":2,"alexsmobs:animal_dictionary":1},"minecraft:broken":{"minecraft:stone_pickaxe":2},"minecraft:picked_up":{"minecraft:crafting_table":1,"lycanitesmobs:quillcharge":4,"minecraft:stick":15,"minecraft:andesite":1,"minecraft:leather":3,"minecraft:torch":2,"minecraft:gravel":2,"minecraft:oak_log":9,"tombstone:grave_key":4,"tombstone:grave_dust":1,"minecraft:diorite":21,"minecraft:dirt":15,"bloodandmadness:coldblood_dew":7,"byg:scoria_cobblestone":2,"experimental_m:madgrass":14,"minecraft:wheat_seeds":2,"pamhc2crops:peanutitem":1,"minecraft:granite":9,"dynamictrees:oak_seed":9,"minecraft:oak_planks":1,"lycanitesmobs:raw_maka_meat":4,"minecraft:coal":7,"byg:rocky_stone":1,"minecraft:cobblestone":207}},"DataVersion":2586}