{"stats":{"minecraft:dropped":{"minecraft:oak_log":5,"minecraft:cobblestone":3,"minecraft:oak_planks":5},"minecraft:killed":{"lycanitesmobs:makaalpha":1,"minecraft:pillager":1,"animals:mosquito":1},"minecraft:custom":{"minecraft:time_since_rest":17519,"minecraft:interact_with_furnace":4,"minecraft:sprint_one_cm":48720,"minecraft:damage_taken":1281,"minecraft:walk_one_cm":94386,"minecraft:mob_kills":2,"minecraft:drop":5,"tombstone:raider_killed":1,"minecraft:damage_dealt":841,"minecraft:interact_with_crafting_table":6,"minecraft:swim_one_cm":276,"minecraft:fly_one_cm":59709,"minecraft:crouch_one_cm":2358,"minecraft:play_one_minute":41412,"minecraft:deaths":4,"minecraft:sneak_time":874,"minecraft:walk_under_water_one_cm":927,"minecraft:jump":344,"minecraft:walk_on_water_one_cm":1260,"minecraft:time_since_death":18370,"minecraft:fall_one_cm":3224},"minecraft:killed_by":{"lycanitesmobs:afrit":1,"lycanitesmobs:shade":1},"minecraft:mined":{"minecraft:crafting_table":1,"minecraft:granite":9,"minecraft:grass":10,"minecraft:grass_block":4,"minecraft:coal_ore":4,"minecraft:dirt":14,"minecraft:cobblestone":2,"minecraft:tall_grass":8,"experimental_m:maddagrass":1,"minecraft:stone":154,"forestcraft:dandelion_grown":1,"duneons:stoneworld":4,"minecraft:wall_torch":1,"minecraft:diorite":17},"minecraft:crafted":{"lycanitesmobs:cooked_maka_meat":2,"minecraft:oak_planks":16,"minecraft:crafting_table":1,"minecraft:wooden_pickaxe":1,"minecraft:stone_pickaxe":2,"minecraft:furnace":1,"minecraft:torch":16,"minecraft:stone_axe":1,"minecraft:air":0},"minecraft:used":{"lycanitesmobs:cooked_maka_meat":2,"minecraft:stone_pickaxe":195,"minecraft:wooden_pickaxe":5,"pamhc2crops:peanutitem":2,"minecraft:stone_axe":1,"minecraft:torch":16,"minecraft:dirt":1,"minecraft:cobblestone":2,"minecraft:crafting_table":2,"minecraft:furnace":1,"tombstone:gift":2,"alexsmobs:animal_dictionary":1},"minecraft:broken":{"minecraft:stone_pickaxe":1},"minecraft:picked_up":{"minecraft:crafting_table":1,"lycanitesmobs:quillcharge":4,"minecraft:stick":15,"minecraft:leather":3,"minecraft:torch":2,"minecraft:oak_log":9,"tombstone:grave_key":4,"tombstone:grave_dust":1,"minecraft:diorite":17,"minecraft:dirt":14,"bloodandmadness:coldblood_dew":5,"experimental_m:madgrass":14,"minecraft:wheat_seeds":2,"pamhc2crops:peanutitem":1,"minecraft:granite":9,"dynamictrees:oak_seed":9,"minecraft:oak_planks":1,"lycanitesmobs:raw_maka_meat":4,"minecraft:coal":4,"minecraft:cobblestone":162}},"DataVersion":2586}