{"stats":{"minecraft:dropped":{"minecraft:oak_log":5,"minecraft:cobblestone":3},"minecraft:killed":{"minecraft:pillager":1,"animals:mosquito":1},"minecraft:custom":{"minecraft:time_since_rest":5519,"minecraft:sprint_one_cm":43679,"minecraft:damage_taken":1201,"minecraft:walk_one_cm":70139,"minecraft:mob_kills":2,"minecraft:drop":4,"tombstone:raider_killed":1,"minecraft:damage_dealt":536,"minecraft:interact_with_crafting_table":2,"minecraft:swim_one_cm":276,"minecraft:fly_one_cm":58529,"minecraft:crouch_one_cm":633,"minecraft:play_one_minute":29412,"minecraft:deaths":4,"minecraft:sneak_time":133,"minecraft:walk_under_water_one_cm":927,"minecraft:jump":303,"minecraft:walk_on_water_one_cm":1260,"minecraft:time_since_death":6370,"minecraft:fall_one_cm":3015},"minecraft:killed_by":{"lycanitesmobs:afrit":1,"lycanitesmobs:shade":1},"minecraft:mined":{"minecraft:grass":10,"minecraft:grass_block":4,"minecraft:coal_ore":2,"minecraft:dirt":14,"minecraft:tall_grass":7,"experimental_m:maddagrass":1,"minecraft:stone":15,"forestcraft:dandelion_grown":1},"minecraft:crafted":{"minecraft:oak_planks":16,"minecraft:crafting_table":1,"minecraft:wooden_pickaxe":1,"minecraft:stone_pickaxe":1},"minecraft:used":{"minecraft:stone_pickaxe":14,"minecraft:wooden_pickaxe":5,"pamhc2crops:peanutitem":2,"minecraft:dirt":1,"tombstone:gift":2,"alexsmobs:animal_dictionary":1},"minecraft:picked_up":{"minecraft:stick":12,"minecraft:oak_log":9,"tombstone:grave_dust":1,"minecraft:dirt":14,"bloodandmadness:coldblood_dew":2,"experimental_m:madgrass":14,"minecraft:wheat_seeds":2,"pamhc2crops:peanutitem":1,"dynamictrees:oak_seed":9,"minecraft:coal":2,"minecraft:cobblestone":15}},"DataVersion":2586}