{
  "dungeons_arise:wda_root": {
    "criteria": {
      "WDA": "2024-07-08 15:48:59 +0000"
    },
    "done": true
  },
  "experimental_m:tallgrasseslogro": {
    "criteria": {
      "tallgrasseslogro": "2024-07-08 15:48:59 +0000"
    },
    "done": true
  },
  "iceandfire:iceandfire/root": {
    "criteria": {
      "tick": "2024-07-08 15:48:59 +0000"
    },
    "done": true
  },
  "tombstone:adventure/find_easter_egg": {
    "criteria": {
      "coded_trigger": "2024-07-08 15:48:59 +0000"
    },
    "done": true
  },
  "mowziesmobs:root": {
    "criteria": {
      "custom_test_name": "2024-07-08 15:48:59 +0000"
    },
    "done": true
  },
  "tombstone:adventure/root": {
    "criteria": {
      "auto": "2024-07-08 15:48:59 +0000"
    },
    "done": true
  },
  "undead:undeadto": {
    "criteria": {
      "undeadto": "2024-07-08 15:48:59 +0000"
    },
    "done": true
  },
  "minecraft:adventure/adventuring_time": {
    "criteria": {
      "minecraft:plains": "2024-07-08 15:48:59 +0000"
    },
    "done": false
  },
  "DataVersion": 2586
}